NOM ECOLE;SITE INTERNET
ENSTA Paris;https://www.ensta-paris.fr/
Arts et Métiers;https://artsetmetiers.fr/fr
EPF;https://www.epf.fr
ECE Paris;https://www.ece.fr
ESTP;https://www.estp.fr
CESI;https://www.cesi.fr
Ecole supérieure du Bois;https://www.esb-campus.fr/
CY Tech Cergy;https://cytech.cyu.fr/
Polytech Paris Saclay;https://www.polytech.universite-paris-saclay.fr/
IPSA;https://www.ipsa.fr/
Ecotec;https://www.ecotec.org/
ESIEA;https://www.esiea.fr/
ESSEC;https://www.essec.edu/fr/
CFA Noisy le grand;https://btpcfa-iledefrance.fr/
INSA Rennes;https://www.insa-rennes.fr/
INSA Haut de France;https://www.insa-hautsdefrance.fr/
ECAM EPMI;https://www.ecam-epmi.fr/
ESTACA;https://www.estaca.fr/
INSTN;https://instn.cea.fr/
Ecole d'ingénieur Denis Diderot;https://u-paris.fr/eidd/
Télécom Physique Strasbourg;https://www.telecom-physique.fr/
ESAIP La Salle;https://www.esaip.org/
ESITC;https://www.esitc-paris.fr/fr
Y Schools;https://yschools.fr/
Ecole Camondo;https://www.ecolecamondo.fr
ENSA Paris La Villette;http://www.paris-lavillette.archi.fr/
Ecole Spéciale d'Architecture;https://www.esa-paris.fr/spip.php?page=sommaire
ENSA Paris Val de Seine;https://www.paris-valdeseine.archi.fr/accueil.html
HEC;https://www.hec.edu/fr
EDHEC;https://www.edhec.edu/fr
IPAG;https://www.ipag.edu/
